﻿<?xml version="1.0" encoding="utf-8"?>
<clothingItem>
	<m_MaleModel></m_MaleModel>
	<m_FemaleModel></m_FemaleModel>
	<m_GUID>41e164ae-97e4-4e8d-b4f4-88a0f8889745</m_GUID>
	<m_Static>false</m_Static>
	<m_AllowRandomHue>false</m_AllowRandomHue>
	<m_AllowRandomTint>false</m_AllowRandomTint>
	<m_AttachBone></m_AttachBone>
	<m_DecalGroup>TShirtIndie</m_DecalGroup>
	<m_BaseTextures>clothes\shirt_tshirt_textures\tshirt_black</m_BaseTextures>
	<m_BaseTextures>clothes\shirt_tshirt_textures\tshirt_white</m_BaseTextures>
</clothingItem>
